{
    "rmse": 0.7255035889588667,
    "mae": 0.5647733044850127,
    "r2": 0.17691852720656587
}